id,feature,weight,og,t1,t10,t11,t12,t13,t14,t15,t16,t17,t18,t19,t2,t20,t21,t22,t23,t24,t25,t26,t27,t28,t29,t3,t30,t4,t5,t6,t7,t8,t9
mh0,mh0,50.0,1,26,1,48,53,1,1,56,48,9,44,61,101,1,11,21,1,67,66,85,1,47,59,1,59,1,1,1,1,58,59
mh1,mh1,50.0,1,1,24,0,36,31,0,34,0,1,23,39,51,29,18,1,42,44,1,21,21,27,39,1,1,1,1,0,1,0,1
mh2,mh2,50.0,7,0,12,28,28,21,8,28,28,8,0,36,127,12,8,8,8,8,43,0,44,16,35,1,1,1,1,1,25,1,1
mh3,mh3,50.0,2,21,1,1,1,0,19,28,45,9,23,34,47,26,17,9,0,0,3,55,0,1,0,37,46,1,1,32,1,32,32
mh4,mh4,50.0,1,18,21,27,27,24,1,27,27,1,20,1,0,21,4,5,38,38,7,40,1,21,1,37,43,37,37,30,1,0,1
mnh0,mnh0,50.0,2,14,17,38,42,26,13,42,38,6,14,45,76,30,6,8,79,79,1,129,50,32,45,1,45,1,1,1,34,1,1
mnh1,mnh1,50.0,6,1,16,28,26,16,11,26,46,7,15,45,52,20,10,7,65,64,59,11,61,16,31,1,56,1,1,1,1,1,32
mnh2,mnh2,50.0,3,12,7,7,26,25,10,26,7,7,7,28,37,18,7,7,7,7,7,33,35,15,28,7,39,7,7,27,7,27,27
mnh3,mnh3,50.0,1,10,4,29,31,19,12,31,28,6,17,43,68,4,7,9,61,6,51,12,58,4,48,49,63,49,49,40,23,41,44
mnh4,mnh4,50.0,13,25,29,33,33,31,25,33,53,23,25,43,55,31,23,22,45,25,25,51,62,31,14,14,14,14,14,36,14,37,14
mnh5,mnh5,50.0,1,18,20,27,4,20,6,4,27,6,6,50,50,20,10,11,6,6,6,92,53,20,50,52,50,4,4,4,4,4,44
mnh6,mnh6,50.0,2,19,21,36,32,22,7,43,36,7,7,49,64,31,7,7,7,7,72,54,73,30,49,1,65,1,1,44,32,48,49
mnh7,mnh7,50.0,44,57,1,115,109,102,57,116,115,50,57,136,134,68,49,55,56,137,143,57,147,61,135,1,134,1,1,1,109,1,1
mnh8,mnh8,50.0,1,27,2,2,45,38,7,2,2,4,28,2,2,35,4,5,4,4,4,7,7,35,2,2,2,49,49,47,2,2,2
mnh9,mnh9,50.0,1,2,13,23,27,13,2,30,23,2,2,37,51,19,2,2,52,2,2,55,2,13,38,39,51,39,42,32,2,32,34
mnh10,mnh10,50.0,1,28,1,50,52,48,21,50,50,8,19,64,83,42,13,8,18,18,18,72,78,33,63,68,86,67,67,57,1,60,55
mnh11,mnh11,50.0,2,4,23,37,37,23,4,40,61,14,4,53,69,26,14,11,71,71,78,75,79,27,47,1,66,1,1,1,36,1,51
mnh12,mnh12,50.0,1,12,2,27,23,2,2,29,23,2,2,42,46,19,4,9,60,60,55,64,56,18,38,1,47,43,43,1,25,1,34
mnh13,mnh13,50.0,1,25,4,40,40,4,13,40,40,5,31,43,50,35,7,8,5,5,5,12,48,4,41,1,50,1,45,3,4,3,3
mnh14,mnh14,50.0,1,17,7,42,47,33,18,47,42,7,24,53,68,31,9,7,56,56,58,18,62,29,53,7,66,7,54,50,35,51,52
lpsh0,lpsh0,1.0,10,0/29,1,44,49,0/1,0,51,44/62,15,0,0,0,40,22,0/13,0/63,64,0,0,26,41,0/60,1/61,0,1,1/61,56,43,0,0/58
lpsh1,lpsh1,1.0,8,22,43,1,59,0,17/19,64,71,13,21/24,68,73,0,15,13,16,16,16/76,79,16,47,1,1,0/74,0/1,1,65,54,65,1
lpsh2,lpsh2,1.0,11,19,24,1,1,27,13,30,54,14,23,1,59,24,14,17,13,32,13,0,13,24,1,1,1,1,1,1,1,1,1
lpsh3,lpsh3,1.0,0/13,0,45,1,1,45,15,1,1,15,15,0,61,50,15,15,81,0,15,0/15,68/72,51,0,1,66,59,59,1,1,53,0
lpsh4,lpsh4,1.0,2,16,26,43,1,27,14,1,0,0/5,23,49,0,36,0,7,4,4,4,0/64,71,32,52,1,0,1,1,1,1,0,1
lpsh5,lpsh5,1.0,9,0,0/1,57,0,52,1,1,69,16,1,1,0,54,24,30,0,0,32,1,1,52,1,63,71,63,63,0,1,0,1
lpsh6,lpsh6,1.0,1,2,0,1,24,21,2,1,1,4/10,0/13,1,43/44,16,8,11,0,0,2,2,2,18,1,1,0,1,1,1,1,27,1
lpsh7,lpsh7,1.0,0,1,1,0,60,1,1,74,0,1/7,1,78,0,49,43,1,97,1,1,1,87,50,78,1,78,1/82,1,1,1,76,1
lpsnh0,lpsnh0,1.0,5,25,12,12,12,12,12,12,62,12,25/26,49,63,28,19,12,52,52,12,23,12,28,41,12,63,51/12,51/12,37,29,33,39
lpsnh1,lpsnh1,1.0,2,16,20,24,24,20,11,28,24,1,19,33/34,44,20,1,1/8,55,55,10,58,51,20,33,1,48,1,1,1,24,1,1
lpsnh2,lpsnh2,1.0,5/6,27,1,45,45,1,20,45,59,8,20,55/56,53,43,17,8,8,68/8,63,20,65,42,53,58,53,1,1,50/52,45,1,1
lpsnh3,lpsnh3,1.0,1,10,1,26,1,16,12,1,26,6,15,36,43,16,6,6,45,45/46,53/54,47,12,16,35,1,29,37,1,1,1,1,29
lpsnh4,lpsnh4,1.0,8,19,1,1,1,49,11,53,96/95,15,22/11,59,99,28,18,15,72,11,75,73,85,1,59,1,98,1,1/61,54,1,57,1
lpsnh5,lpsnh5,1.0,1,55,57,1,1,57,49/3,1,1,44,55,70,69,57/62,46,44,75/76,77/47,73,47,53,57/63,70,1,83,1,1,1,1,1,68
lpsnh6,lpsnh6,1.0,4/7,1,20,35,1,20,17/14,1,35,10,1,47,60,33,10,12,1,1,1,1,14,22,1,1,60,49,49/50,1/38/39,1,1/39,1
lpsnh7,lpsnh7,1.0,4,51,60,74/75,76,60,1,76,74/110,1,53,94,115,65,25,28,101,104,36,108,1,65,86,1,86,1,1,1,9,82,85
lpsnh8,lpsnh8,1.0,2,7,18,1,29,18,11,30,1,4,7/15,1/39,52/56,23,5,1,8,8/47,43,50,7/44,18,1,1/42,1,40,40,1,1,1,1
lpsnh9,lpsnh9,1.0,2,6,35,53,55,42,6,55,81,16/6,23,65,103,40,14,6,21,70,73,22,78,33,65,3,101,3,3,57,48,59/62,57
lpsnh10,lpsnh10,1.0,9,17,1,1/28,33,27,15,33,66,13,17,41,68/69,23,14,13,46,50,1,59,63,1,41,1,36,1,1,1,1,1/34,36
lpsnh11,lpsnh11,1.0,4,14,18,27/30,1,20,13,1,53,11,1,1,97,19/22,11,8,12,12,39,43/13,42,19,1,1,83,1,1,31,1,36,1
lpsnh12,lpsnh12,1.0,16,27/28/29,32,38/39,38,32,1,38,38,20,1,46,43,34,20/21,20,24,24/60,23,66,1,36,48/46,1,43,49/50,52,1,1/37,1,43
lpsnh13,lpsnh13,1.0,1,18,4,38,43/44,33,16,44,62,4,4,50,47,4,13,4,64,4,4,71,4,4,50,57,47,59,59/60,4,4,4,46
lpsnh14,lpsnh14,1.0,2,3,3,17,17,16/3,3,29,38,8,14,35,43,15,8,8,54,54,48,86,50/51,3,33,3,41,3,3,3,3,3/31,32
lpsnh15,lpsnh15,1.0,3,22,1,35,35/36,1,29,38,35/56,13,22,51,50,31,20,13,5,5,5,27,27,1,51/52/53,54,50,54,54,41/42,1,1,45
lpsnh16,lpsnh16,1.0,5,8,8,8,8,26,18,8,8,8,8,50,64,23,10,8/11,59/14,58/14,62,60,8,25,48/49,1/54,45,54,54,8,33,38,8/42
lpsnh17,lpsnh17,1.0,1,23,28,31,31,28,23,31,31,17,27,8,8,29,19,17,46,47,7,25,26/43,28,40,1/5,8,42,42,8,31,8,8
lpsnh18,lpsnh18,1.0,1,28,41,53,51,49/41,27,55,63,5,27,60,71,47,17,20,27,73,27,27,27,48,57/60/61,1,65/72,1,1,1,51,1,57
lpsnh19,lpsnh19,1.0,7,42,1,52,52,51,30,52,80/52,12,43,76,100/101,50,29,12,30,30,30,105/30,30,1,64,1/78,62,78,78,59,53,59,61
lpsnh20,lpsnh20,1.0,1/2,6,12,18,18,17,8,18,38,3,6,23,18,12,3,3,33,6,37,6,6,12,19,1,44,25,25,21,1,21,20
lpsnh21,lpsnh21,1.0,1,1/18/20,21,26,1/28,1,1,1,26,1/5/6,1,50,55/45,22,11,1,13,13,59,15,62,23,48/45/47,52,56/45,1,1,37,1,42,43
lpsnh22,lpsnh22,1.0,5,1,1/17,1,27,17,16,27,72,14,1,62,1,17,14,14,75,83,100,96/99,103,17,65,1,1,1,1,1,1,1,1
lpsnh23,lpsnh23,1.0,3,1,1,42,43,36/37/26,1,42,42,9,24,47,55,35/28,11,20,1,58,1,61,1,28,47,1,54/55,1,52,47,39/41,47,49/47
lpsnh24,lpsnh24,1.0,3,27,1,38,37,1,8,43,65,8,8,1,67,30,16/18,19,59,22/59,8,61,8/63,31,54,1,69,56,56,47,33,47,1
lpsnh25,lpsnh25,1.0,1,1,22,35,1,22/31,19,1,35,4,1,1,45,28,14,16/17,1,1,1,1,1,27,1,1,1,1,1,1,33,1,1
lpsnh26,lpsnh26,1.0,2,7,4,4,46,4,32,49/46,76,7,7,62,84,38,7,7,23,65/23/63,7,68/69/70,71,38,61,3,86/61,3,3,3,43,3,53
lpsnh27,lpsnh27,1.0,12,1,19,1/29,1,27,17,1,1,1,1,31,34,24,1,1,37,40/41/42,1,16/43,45,19,1,1,1,1,1,1,28,1,1
lpsnh28,lpsnh28,1.0,4,17/18,9,27,26,9,9/15,26,44,12,9,9,61,21/22,12,9,14,14,69,67/68,9,21,36/9,42,56/60,42,42,9,9,31,9
lpsnh29,lpsnh29,1.0,3/4,13,18/19,5,25,18/21,5,25,5,5,5/15,32,56,18,5,5,10/62,63,5,5,61,20,32,5/37/38,55,35,36,1/27,5,1,26
lpsnh30,lpsnh30,1.0,1,1,23/24,29,29,23,1,29,42,1,20,39,50/51,25,13,15,40,40,17/55,41,1,26,39,1,54,1,1,32,1,1,37/38
lpsnh31,lpsnh31,1.0,6,23/11,24,1,32/33,24,19,1,59,1,11,34/35,66,28,17,1,40,44,11,48,52,24,34,37,72,37,37,1,1,1,34
lpsnh32,lpsnh32,1.0,1,15,34,39,38,33,15,40,39,10,28,1,52,35,14,10,73/74,73,58,76,64,35,1,1,50,46/47,46/47,1,1,1,42
lpsnh33,lpsnh33,1.0,4,6,6,30,32/34,6,6,32,30,6,16,47,41/58,27,10,6,61,64,53/56,70/71,6,6,41,6,41,51,51,37,6,39,37
lpsnh34,lpsnh34,1.0,1,3/8,10,15,1,10/11,3,1,1,4,3,20,38,10,3,6,23,23,3,29,3/22,10,20,1,30,1,1,16,12,16,1/18
lpsnh35,lpsnh35,1.0,10,22,1,38,40,35/36,12,41,58/59,12,23,54,71,1/30/31,16,19,72,72,12,20,20,32/1,53,1,51,56,1,48,1,49,44
lpsnh36,lpsnh36,1.0,1,18,9,32/33,38,9,9,36,33/54,13,20,43,56,24/25,9,9,51,51,14,53,49,24,48,8,43,8,8,9,29,9,42
lpsnh37,lpsnh37,1.0,2,16/3,25,3,34,28,3,34,3/42,7/8,3,39,43,27,11,7,50,50,13,62,45,27,39,1/41,39,40,40,3,3,3,3
lpsnh38,lpsnh38,1.0,1/3,13,42,58,64/62,42,12,65/62,58,1,16,81,100,53,7,1,93,94,8,97/12,12,46,80,1,98,1,1,67,1,68/70,67
lpsnh39,lpsnh39,1.0,10,35/37,41,48/12,12,41,12,51/12,12,16,12,57,66,44,12,24,78,78,29,81,85,44,57,1/61,72,1,1,53,46,53,59
lpsnh40,lpsnh40,1.0,2/6,20,22,1,29,22,12,30,1,10,1,35/37,56,27,11,10,12,12,50,12,51/12,22,35,1,34,1,1,31,1,31,31
lpsnh41,lpsnh41,1.0,4,1,18,34,35,17,1/14,33,44,9,1,40,40,21/24,9,1,1,54,1,1,43,17,40,1,40,1,1,37,30,37,39
lpsnh42,lpsnh42,1.0,1,25,26,39,39,36/37,12,42,65,5,12,51/52,80/78,35,7,5,62,12,12,63,83,1,49,1/53,82,1,1,44,39,44,47
lpsnh43,lpsnh43,1.0,5,19,8,8,32,8,19,35,8,19/21,19,44,63,8,25,19,27,27,57,56,58,8,43,46,64/65,8,48,8,8,8,41
lpsnh44,lpsnh44,1.0,6,8,13,30/31,32,16,8,32,31,8,8,37,37,18/20,8/9,8,42,42,8,43/44,10,21,37,38,41,38,38/39,33/34,28,36,37
lpsnh45,lpsnh45,1.0,9,11,27,33,11,31,11,11,33/41/11,16,25,41,41,29,16,20/13,11,11,48,11,11,11,44,11,41,11/45,11,37,32,11,38
lpsnh46,lpsnh46,1.0,10/11,34,1,48,47,38,1,47,65,17,36,1,68,43,28,1,62,62,1,31,59,1,1,57/58,68,1,1,52,1,1,1
lpsnh47,lpsnh47,1.0,4,14,7,41,7,35,7,7,41,11,7,46,51,29,11,10,63,61,54,7,7,16,46,47,53,7/47,47,7,7,42,46
lpsnh48,lpsnh48,1.0,2,5,4,31,31,23,15,31,31,5/6/7,17,35,42,20,5,8,14/46,46,14,49,15,4/21,35/36/37,39,43,39,39,1,31,1,1
lpsnh49,lpsnh49,1.0,7,19/10,9,9,9,9,10,9,9,10,10,32,60,9,12,10,51/53,53,10,54/55,46,25,32,9,57,9,9,9,9,28,9
lpsnh50,lpsnh50,1.0,1,11/12,1,18,18,1,10,18,18,1,11,27,63,1,6,1,1,1,1,1/30,32/1,1,26/27,1,26,1,29,1,1,1,22
lpsnh51,lpsnh51,1.0,9,1,22,35,1,33/22,1,1,87,1/15,1,1,95,29,14,1,49,59,47,85,1,25,1,1,97,1/45,46,1/38,34,41,1
lpsnh52,lpsnh52,1.0,10,1,22/23,39,42,34,1,42,39,14,19,53,70,25,16/14,1,61,1/59,1/56,62,1/57,21,54,1,53,1/55,55,47,38,50/47,47
lpsnh53,lpsnh53,1.0,15,43/44,1,1,1,1,39,1,1,17,38,56,68,48/47,31,17,72,74,35/58,79,60,46,55,57,70,57,57,1/51,1,1,1/52
lpsnh54,lpsnh54,1.0,1,6,6,21/6,6,6,6,6,6,8/11,13,44,66,18,9/10,6,49,50,12,57,6,6,41,1,61,1,1,1,6,1,1/26
lpsnh55,lpsnh55,1.0,1,23,3,32,32,3,6,37,32,3,7,42,47,26,3,3,54,58,51,6,6,28,42,1,49/50,1,1,38/39,32,38,3
lpsnh56,lpsnh56,1.0,7/9,33,38,49,12,38,16,56/58,80,11,22,67,90,40/41,11,11,92,15,15,94,72,40/42,60,69/70,86,69,69,11,12,11,12
lpsnh57,lpsnh57,1.0,2,14,20/22,1,34,20/26,14,32,48,8,19,52,48,25,11/13,8,17,17,17,63,14,20,48,1,48/60,1,1,41,1,41,6/45
lpmh0,lpmh0,1.0,2,26,0,5/38,0,36,14,39,0,9,0,58,93,33/34,10,9,66,72/73,15,14,14,29,55,1/60,94,1/59,59,5,5,5,52
lpmh1,lpmh1,1.0,3,0,7,0,0,35,17/20,0,0,12,24,49,88,33,0,0,56,58,0,62,97,7,0,0,84/91,5,0,41,0,39,0
lpmh2,lpmh2,1.0,4,38,1,55/59,55,43,0,55,59/109,0,41,89,111,54,26/27,0/30,103/105,102,11,107,11,52,0/84,0,65,93,93,65,0,82,65
lpmh3,lpmh3,1.0,4/5,33,34,0/43,45,6,19,65,0,20/26,19,0,113/117,35,24,19/27,129/127,134,0/125,137,126,0/35,0,6,119,6,90,0,40,0,72
lpmh4,lpmh4,1.0,0,36,1,0/59,43,1,34,43,107/108,10,10,1,118,41,29,10,32,67,77/79,0,102,42,1,1,1,1,1,61,46,61,62
lpmh5,lpmh5,1.0,5,33,37,0/52,61,1,33,64,75,26,33,0,107,0,26,30,34,128,121,131,122,42,68,1,116,1,1,1,47,67,68
lpmh6,lpmh6,1.0,6/8,46,50,76,1,50,27/30,1/82,76,0,27,86/89,90,61,15,24,91/93,95,150,145,156,0/56,1,1,1,1,1,1,1/68,1,1
lpmh7,lpmh7,1.0,6,8,49,0/76,0,70,8,0,91,8,45/47,89,102,66,16,0,114,8,8,37,117,66,89,1,107,1,1,79,74,80,0/82
lpmh8,lpmh8,1.0,5/8,25,40/41,0,65,42,18,0,0,9,0/28/29,80/78,98,58,11,17,0,93,88,19,19,51,78,81,100,84,0,71,61,71,77
lpmh9,lpmh9,1.0,7,41/14,44,0,63,49,14,68,0,0,14,77,83,0,21,38,97,97,90,14,94,0/54,77,80/0/79,1,1,1,69,1,1/70,1
lpmnh0,lpmnh0,1.0,3,22,82/6,111,112,6,6,114,111,10,80,131,141,85,13,16,157,158,6,160,6,90,128/126,6,125/142,135,135,8,92,8,6
lpmnh1,lpmnh1,1.0,1,31,37,50/52,4,41,30,57,50,10,33,65,118,39,22,8,81,90,93/94,91,28,40,75,3,101,76,76,65,49,65,65
lpmnh2,lpmnh2,1.0,2/4,16,24,40/46,40,34,22,50,105,1,16,58,128,31,1,13,75,86,132,22,136,32/25,58,1,130/131,66,66/67,53,40,1,55
lpmnh3,lpmnh3,1.0,17/21,167,170/171,1,206,205,144/161,208/206,235,155,144,223,240/239,200,152,156,225,225,160,227,230,200,223,1,221,1,1,1,1,219,1
lpmnh4,lpmnh4,1.0,3,45,50,67,71,50,1,73,67/100,13,1,82,111,50,28,41,1,1,94,1,97,64,1,91,118,91,91,1,67,1/74,1
lpmnh5,lpmnh5,1.0,12,55,99,124,18,102,44,128,157,23,89,145/146,202,117/118,37,23,214,211,229/230/231,227,23,119/105,144,16/18,162/203,148,148/149,142,18/120,132,18/143
lpmnh6,lpmnh6,1.0,11,58,69/70,76,74,14,58,80/79,75,48,64,98,230,72,51,48,62,62,62,238,241/58,72,97,100/13,75,99/13,13,84,14,86/89,90
lpmnh7,lpmnh7,1.0,7,18,23,34,1,30,13,41,69,1,22,79,111,26,1,12,83,88,94/95,91,14,26,69,1/81,112/98,1,1,56,1,56,68
lpmnh8,lpmnh8,1.0,24,48,54,74,75,72,25/43,82,74,33,44,105,111,64,33,37,41,41,112,42,116,56,98,25,108,25,25,25,25,25,85
lpmnh9,lpmnh9,1.0,1,32,2,46/47,46,42,10/30/31,46,58,10,10,52,98,37,10,24/25,56,55,29,57/10,10,38,2,2,2,2,2,2,2,2,2
lpmnh10,lpmnh10,1.0,1,13,25,37,39,30,18,36,65,6,23,56/57,93,28,6,11,109,111,118,115,120,25,53,63,108,60,62,1,32,43,1/46
lpmnh11,lpmnh11,1.0,11/12,48,60,17,112/17,110,25,17,130,23,50/45,119,134,66,39,23,147,176/177,123,179,125,66,119,122/15,137,15,15,114,17,117,18
lpmnh12,lpmnh12,1.0,5,31,34,103/106,123,33,16,124,103,20,32,138,160,98,24,18,186,16,166,16,16,33,137,11,144/161,11,11/141,125,11,125,127
lpmnh13,lpmnh13,1.0,102,122,139,164,171,140,118,171,219,109,1,192/191,237,145,111,107,194,202,114/238,212,1,144,186,1,224,193,193,105/175,162,105,105
lpmnh14,lpmnh14,1.0,24,59,69,97,96,75/76,50,96,118,36,60,105,126,71,37,46,135,148,1,50,50,66,1/104,1/107,128,106,106,100,93,103,1
lpmnh15,lpmnh15,1.0,3,5,29,1,47,29,5,47,1,11,5,99,125,38/39,16,19,104,104,140,118,5,34,97/98,1,56,1,1,1,1,1,54
lpmnh16,lpmnh16,1.0,33/28,48,56,66,68,56,48,69,66,43,54,84,119,62,44,47,94,86,120,101,51,61,83,85,111,85,85,74,66,76,79
lpmnh17,lpmnh17,1.0,15,19,37,19,19,51/37,19,19,19,19,29,69,110,37,20,19,104,98,108,105,109,47,77/78,79,110,1,1,53,19,56,1
lpmnh18,lpmnh18,1.0,1,16,2,41,44,2,2,50,78,6,18/21,71,114,23,9,5,118,118,12,126,13,25,69/70,75,100,75,75,53,37,51,62
lpmnh19,lpmnh19,1.0,45,128,138,160,152,138,82,164,157,60,78,171,213,143,54,73,214,216/218/219,198,225,201,144,169/170,1,1,178,179,1,150/46,1,1
lpmnh20,lpmnh20,1.0,3,73,13,97,99,90,67,105,163,13,75,123,173,85,38,63,131,138/140,65,161,13,86,127,1,166,129,128,13,97,110,13
lpmnh21,lpmnh21,1.0,22,1,1,61,66,56,1,66,61,1,1,86,231,52,1,34,105,107,232,115,237,54/55,78,1,135,90,90,1,62,1,73
lpmnh22,lpmnh22,1.0,2,42,10/44,100,104,44,33,103/105,129,22,41,114,141,92,27,31,18,18,120,18,18,57,114,115,134,117,115,8,97,8,8
lpmnh23,lpmnh23,1.0,1/2,18,70,108,108,75,17,108,121,13,41,129/124,155,102,13,13/15,16,16/133,16,134/135,17,96,126,3/131,149,3,130/3,112,108,115,3
lpmnh24,lpmnh24,1.0,8/9,50,54,83,85,54,11,85,83,16,11,107,148,81,17,16,162,162,158,169/170,11,70,103,109,94,110,109,89,83,89,87
lpmnh25,lpmnh25,1.0,6,1,32/33,65/61,1,55,1,1,61,1,1,87,121,54,21,24,129/130,127,25,145,29,35,89,93,123,90,90,66,59,1,68
lpmnh26,lpmnh26,1.0,1,32,1/35,1,1,58/59,31,1,102,14,11,76,109,51/52/53,16,24,115,116,96,131,97/28,56,76,1/81,76,1,1,71,1,71,69
lpmnh27,lpmnh27,1.0,1,48/39,1,73,1,62,45/47,78,93,1,50,97,129,59/60,19,37,40,100,119,45,120,59,93,1,132/123,1,1,79,1/68,1,1
lpmnh28,lpmnh28,1.0,21,39,1,46,52,43,26,52,46,30,39,80,100,1,30,32/33,105,105,26,108,110/111,1,79,1,95,87,85/88,59,46,59,57/61
lpmnh29,lpmnh29,1.0,3,42,64,90,92,83,21,92,90,12,45,101/108,153,76,13,20,117,133,111,139,24,69,105,6/110,142,109,109,8,86,94,96
lpmnh30,lpmnh30,1.0,1,51,56,74,93,56,27,93,74,14,7,113,121,67/68/69,21,23/12,7,7,127,119/27,27,60,111,2,111,2,2,99,2,104,2
lpmnh31,lpmnh31,1.0,2,41,9,80/8,8,9,35,84/8,8,26,75,89,109,9,24,31,117,116,17,118,35,9/79,89,8,89,8,8,86/8,8,8,87/8
lpmnh32,lpmnh32,1.0,1,35,39,1,60,39,25/27,61,91,14,21,77,94,50,12,15,83/84,86,106/109,21,110,51/45,82,1,94,1,1,72,1,63,63
lpmnh33,lpmnh33,1.0,7,34,44,51/52,47,44,15,53/54,47,20/15,15,71/72,83,44,17,15,92,99,88,15,15,44,67/68/70,1,74,73,73,58,47,58,9/61
lpmnh34,lpmnh34,1.0,1,14,3,29,32/34,17/27,11,32,58,9,5,49,67,22/23,7,9,12,12,55,77,11,24,38,1,72,50,54,1,3,1,1
lpmnh35,lpmnh35,1.0,15,104,115,132,128,116,45,128,185,23/28/29,52,158,192,119,26,35,45/159,167,45,176,47,126,158,16,186,16,16,145,130,149/142,150
lpmnh36,lpmnh36,1.0,57,86,147,171,171,169,83,171,171,64,98,196,224,165,78,80/81/82,226,228,62,232/235,236,147,213/216,1,188,217,217,173/174,171/172,1/175,188/189
lpmnh37,lpmnh37,1.0,4,36,46,1,74,47,33/22,79,100,13,38,90,118,54,19,5,27,139,27,141,34/98,54,86,1,103,97,97,1,1,1,85
lpmnh38,lpmnh38,1.0,16,50,1,1,88,55,42,91,1,29,54,105,131/133/134,66,34,41,171,44,153,42,169,58,98,1,135,1,1,1,1,93,1
lpmnh39,lpmnh39,1.0,2/3,36,4/43,70,68/72,66,32,74,70,21/25/30,40/41,82,104,65,29,21,108,107,122,115,124,4,82,4,101,4,4/89,75,69,4,4
lpmnh40,lpmnh40,1.0,16/18,62,68,75,20,68,20,20,75,23,66,79,115,72,47,49,87,89,20,102,57,70,80,83,110,84,85,20,20,20,20
lpmnh41,lpmnh41,1.0,3,13,18,40,42,33,13,43,40,14,13,71,85,22,13,13,95,96,13,99,74,20,68,7,85,7,7,7,39,7,47
lpmnh42,lpmnh42,1.0,6,25,49/50,211,7,52,25,7,257,20,25/29,227/231,273,203,21,20,23,23,23,250,25/252,52,228,7/233,263,7,7,215,7,214,216
lpmnh43,lpmnh43,1.0,4,30,45,6,92,81,27,95,6,9,40,122,136,77,10,25,26,26,129,139,130/131,45,117,125,137/138,125,125,100,83,100,103
lpmnh44,lpmnh44,1.0,4,49,60,1,68,60,42,69,1,6/9,54,99,159,60,29,30,104,130,162,140,190,60,90,1,161,1,1,1,65,1,82
lpmnh45,lpmnh45,1.0,10,50,78,44,44,78,50,92,44,52,75/76/77,95,127,81,61,68/69,112/111,111,128/50,50/116,71,78,106,44,44,44,44,95,85,98,95
lpmnh46,lpmnh46,1.0,1,37,69,5,80,77,37,83,141,33,63,99,152,69,27,19,107,111,138,133,37/139/140,75/76,99,105,142,105,105,92,5,93,94
lpmnh47,lpmnh47,1.0,3,23,25,45,45,44,6,45,45,12,6,62,88,42,13/14/15,12,65,67,90,69,6/92,30,62,64,84/89,63,63,4,4,4,59
lpmnh48,lpmnh48,1.0,2,31,64,84,83,80,24/26,83,84,9,24,88,138,75,23,9,24,24,24,103,24,64,93,5,88,95,95,5,83,5/86,89
lpmnh49,lpmnh49,1.0,6/8,51,57/11,12,12,57,40,12,12,17,54,76/77,110,59,20,26,90/94,102,81,107,87,58,74,1,111,1,1,1,64/63,68,1/70
lpmnh50,lpmnh50,1.0,6,40,42,83,84,77,35,1,83,21,37,93,111,74/75,18,10,32,101,107/108,36/102,36,42,97/93,1,93,1,1,1,1,1,93
lpmnh51,lpmnh51,1.0,13,42/14,14,73/74/14,14,70,37,14,73,19/23,57/58,81,108,65,19/22,28,110,34,111,36,113/114/116,64,81/85,14,89,14,14,14,14,77,14
lpmnh52,lpmnh52,1.0,5,12,29,56,59,55,20/21/12,60,56,12,12,85,111,52/53,12,18,12,119,115/116,122,12,43,85,1,69,1,1,1,1,1,1/63
lpmnh53,lpmnh53,1.0,5,18,21,39,45,21,11,45,39,7,13,53/54,60,28,7/9,7,11,11,11,67,74,23,49,1,49,55,55,47,35,48,49
lpmnh54,lpmnh54,1.0,2,17,3,3,29,3,15,32,51,8,11,41,61,20,9,8,44,46,11,50,15,19/22,3/40,1,61,1,1,3,26,33,3/36/37
lpmnh55,lpmnh55,1.0,25,79,29,100,104/105,92,43/44,107,146/100,29,81,137,156,88,34,39/40,42,42,42/159,143,161/43,90,122,139/141,149,138/140,138,114,100,114,108
lpmnh56,lpmnh56,1.0,4,52,58/60,85,1/88,79,1,92,85,7,35,108,116,76,21/23,31,121,131,133,33,33,74,104,1,113,1,1,1,1,96,97
lpmnh57,lpmnh57,1.0,18,104,126,148/149,144,141,97,144,148/198,53,110,189,200,133/140,94,53,208,216,99/220,219,97,127,178,1,204,1,1,160/166,144,167,172
lphh0,lphh0,1.0,18,0/167,184,239,251,225,150,247,0,128,168/169,0,342,219,120,129/130,347,0,316,359/360,150,0/224,282,296/297,346,293,288,256/257,230,260,252
lphh1,lphh1,1.0,8,107,0,136,0/137,123,87,138,135,77,116,167,194/195,127,0,25,290/291/292,295,82,325,329/332,0,167,0,203,174,174,143,0,145,148
lphh2,lphh2,1.0,7,31,0,83,91,52,28,90,149,0/23,34,129,161,49,23,23,168,173,182,178/179,0,0,102,130,0/162,132,134,0/15,15,97,99/100/15
lphh3,lphh3,1.0,1/2/3,32,43,60,0,53,23/25,66,152,19,42,0,167,51/52,19,0/22,135,0/139,141,23,23,48,111,4,166,4,116,83,54,97/100,108
lphh4,lphh4,1.0,29,50,53,0,79,69,0/42,76,119,34,46,0,133,62,36/37/38,40,145,149,154,152,155,66,90,99,89/137,99,99,32/0/81,32,0,0
lphh5,lphh5,1.0,47,98,107,173,179,107,87,181,249,65,101,0,0/254,156,65,0,231,231,86,0/242,87,158,206,227,255,215,226,192,171/172,201,205
lphh6,lphh6,1.0,20,234,240,261,262/263,256,21,262,261,21,21,0,284,0,210,218,302,302,293,319,298,246,268,275,284,278,278,265,257,265,265
lphh7,lphh7,1.0,5/6,67,9,0,90,9,54,98,0,9,70,112,133,78,16,47,138,147,123,152,129,77,112,121,133,116,116,106,0,106,0
lphnh0,lphnh0,1.0,69,134,160/163,191,191,188,93,191,216,85,143,206,219,186/187,86,89,108,226,230,229,237,181,206,70,222,70,211,195,79,195,199
lphnh1,lphnh1,1.0,2,102,1/109/111,132/7,136/138,124,80,141,132,10,108,152,200,120,13,70,7,7,164/165,185,170,117,152,1,202,155,1,144,128,148,149
lphnh2,lphnh2,1.0,3,29/31,34,63,66,38,18,51,114/115,12,32/33,107/111,139,38,11,14,142,1,1,145,140,42,100,1,130,1,1,1/68,1,1,73
lphnh3,lphnh3,1.0,11,53,183,223,231,183,39,233,315,21,56,288,325,212,26,23,306,307,332,40,335,216,278,292,322,292/300,292,262,219,249,266
lphnh4,lphnh4,1.0,7,72,20,105,117,92,60,117,105,29,73/61,148,187,90,40,43,53,53/191,179/180,193/194,182,20,135,17/152,183,17,17,20,98,20,130
lphnh5,lphnh5,1.0,5,56,65/63,90,102,79,41,97/107,172,21,41,138,178,73/77,18,29,163,170,156/157,171,160/158,70,130,139,174,1,1,113/115,6,127,111
lphnh6,lphnh6,1.0,71,168,176,213,194,183,135,219,213,124,138,268/269,317,190,120,125,291,291,304,297,306,188,267,277/74,263,272/276,276,255,197,262,263
lphnh7,lphnh7,1.0,15,80,92,195,197,92,34,201,311,22,87,282,327,184,25,28,365,366,358,378,364,190,267,283,322,283,283,239,20,256,261
lphnh8,lphnh8,1.0,10,61,68,119,119,91,53,122,192,31,55,171,212,80,34,40,46,227,186/187,228/230,188,83,158,183/11,216/217/218,182,181,130,109,131/132,140
lphnh9,lphnh9,1.0,6,186,209,238,239,225,115/117,241,311,64/68,112,292,328,218,67,106,308,108,331,115,115,211,275,294,272,295,300/301,256,226,262/268,270
lphnh10,lphnh10,1.0,1,61/62/63,80,93,94,80,10,94,93,10,77/78,144/146,122,89,27,34,10,10,160/159,182,177,80,126,147/152,122,148,147,114,7,115,117
lphnh11,lphnh11,1.0,45,235,259,289,291,259,48,294,448,48,255,418,455/456,261,217,222,438,442,462,230,481,275,402,1,451/457/458,421,421/422,311,284,320,327/329/330
lphnh12,lphnh12,1.0,21/23,94,117,1,198,119,89,198,1,30,83,251,333,151,80,81/82,278,283,83,298/299,269,172,227,262,335,252/253,254,201,188,201,219
lphnh13,lphnh13,1.0,11,31,65,108,112,65,16,113,187,20,54,174,273,72,20,22,281,292,277,304,23,85,170,1,197,1,176/1,138,99,134/139,165
lphnh14,lphnh14,1.0,7,88,124,158,135,125,26,190,270,29/30/31,114,214,341,127,74,26,239,242,229/230,246,234,127,214,217,271,219,220,197/198,132,197,206
lphnh15,lphnh15,1.0,4,37/38,45,151,176,46,24,189,151,11,29,230,259,146,20,21,243,27,252,24,24/253,129,225,1,257,232,232,202,150,206,217
lphnh16,lphnh16,1.0,21,105,109,129/130,135,109,57,206,326,44,56,287,327/329,120,44,50,295,298,322,309,324,118,287,1,267,1,1,219/220,124/125,227/228,276
lphnh17,lphnh17,1.0,12,51,69,103,108,69,14,117,149,24,56/45,147,151,73,22,33,171/172,173,167,184,39,81,146,14,160/162,14,14,127,88,129,138
lphnh18,lphnh18,1.0,64/65,119,122,162/163,186/188,136,76,189/190,298,92,103,228,308,132,87,98,102,276,100,287,294,134,216,76,210,260,260/261,199/200,139,202,209
lphnh19,lphnh19,1.0,17,117,172,184,190,177,84,191,244,63,76,250,412,173,61,46,419/420,417/424,449,425,78,174,250,257,413,258,258,224,179,238,242
lphnh20,lphnh20,1.0,14,41,94,117,126,95,41,125,116,20,52,146,177/179/180,102/103,27,34,154,154,188/189,167/170,197,99,144,152,182,17,149,132/134,112,19,138
lphnh21,lphnh21,1.0,35/31,96/93,121,190,197,179/180,74,190,236,56,106,216/218,262,174,53,60,67,263,233,268,235,177,214,219,40,227,231,205,185,207,40
lphnh22,lphnh22,1.0,34,320/319,1,453,469,443,112,478/479,453,59,336/338,532,613/614,434,59/61,104,624/625,628,554,630,560,437,509,1,616,1/534,1,483/486,448,488,501
lphnh23,lphnh23,1.0,33/35,88,105,37,120,107,68,120,186,57,98,182,195,108,45,37,203,206,198,208,64,108,166,184,193/196,184/185,184/185,150,116,154,157
lphnh24,lphnh24,1.0,8/12,230,232,257,265,232,113,270,318,17/35,113,307,329,244,34,86,343,338,17,113,113,241,301,315,319,310,310,277/278,256/252,279,289
lphnh25,lphnh25,1.0,10,88/89/14,98,115,157,104,75,160,262,19,14,229,266,98,57,58,248,249,253,82,259,102,224,1,266/271,232,236,190,112,163,200
lphnh26,lphnh26,1.0,3,72,100/101,144,159,101,1,148,143,28,93,199,271,126,27,1/30,222,221,230,226/227,234,104/106/127,199,1,248,1,208,180,130,183/184,196
lphnh27,lphnh27,1.0,42,179,190,238,244,45,170,242,282,99,188,261,283,224,149,162/163,277,280,286,81,297/299,45,258,265,283,270,275,248,45,250/45,45
lphnh28,lphnh28,1.0,27,159,173,178,178/180,176/1,1,178,295,34/143,171,262,304/305,175,142,146,282,285,323,1,337,1,268,273/274,314,272,272,218,178,1,246
lphnh29,lphnh29,1.0,83,159,191,234,240/241,229,146/149,242,234,105,186,272,409/411,201,103,114,275,279,318,298,339,228,262,1,345,1,274,245,231,245/251,245
lphnh30,lphnh30,1.0,14,61,74,94,110,82/84,50,115,190,38,68,130,199,77,37,43,210,211,49,212,206,76,130,135,194,1,134,123,87,124,120
lphnh31,lphnh31,1.0,23/24/25,52/30,124,143,143,137,49,148,143,34,106,222,243,134,40,43,255,247,264,260/261,266,135,218,229,246,29,29,160/159,142,162,168
lphnh32,lphnh32,1.0,20,62,77,86,93,75,28,95,86,30,65/70,120,290,80,35,41,129/130,125,152,142,28,83,120,122,112,122,122,102/104,22,102/105,107/111
lphnh33,lphnh33,1.0,21,174,182,204,224/226,200,89,232,316,71,35,274,339,198/199,65/63,35,281,282/284,354,314,90,192,249,23,340/325,278/23,277/23,240,30,247,264
lphnh34,lphnh34,1.0,4,65,6,119,118,6,58,126,169,26,114,143,203,116,28,39,9,150,9/206,151,209,116,143,1,188,145,147,137,6,140,5
lphnh35,lphnh35,1.0,6,69/74,99,120,137,111,20,140,162,50,20,152,163,103,42,35,166,56,172,170,194,106,149,12,12,157,160,12,12,144,12
lphnh36,lphnh36,1.0,18,154,188,195,201/207,187,83,210,195/263,72,177,251,396,194,78,70,21,21,21,418,84/262,190,232,19,265/266,255,258/259,212,197,212,212
lphnh37,lphnh37,1.0,19,79,162,181,182,162,59,182,200,45,108,202,244/237,171,53,57,59,59,252,209,256,165,202,206,245,28/204/205,28/204/205,186,31,186/189,198
lphnh38,lphnh38,1.0,1,36,61,83,86,61,34,90,83,6,54,118,130,66/61,11,14,31,134/135,162,139,164,61,121,1,130,1,1,103,78,106,94
lphnh39,lphnh39,1.0,7,91,113/116,125,125,113,42/58,127,172/125,23,103,160,185,120,26,32/30/31,165,167,213,170,52,118,157,161/8,182,8,162/8,132,12,130/133,140
lphnh40,lphnh40,1.0,8,59,74,142,168,74,48,188,278,16,61/63,241/247,11,103,29/30/31,38,257,261,273,48,277,76,226,248,11,250/252,248,195,121,202,220
lphnh41,lphnh41,1.0,5,45,78,102,95,93,7,108,206,12,54,161,208,87,16,19,215,210,218,7,220,83,148,1,208,166,166,112,95,113/114,123
lphnh42,lphnh42,1.0,32/36,74,88,101,101,88,39,101,168,44,78,156,194,97,50,54,164/59,59,201,167,208,98,151,163,172,1,162,122/125,101,129,133
lphnh43,lphnh43,1.0,12,68,97,246,261,217,16,257,329,23,94,305,342,210,44,50/51/47,313,314,61,321,16/351,214,302,307,349/350,309,309,274,1,276,265
lphnh44,lphnh44,1.0,27/30,105,46,170,194/196,112,49,197,272,52,110,243,455,158,52/53,58,265,267,498,49,49,160,211,244,456,247,248,205/206,46,207,202
lphnh45,lphnh45,1.0,6,71,129,156,160,130,61,168,156,39,79,182,182,133,44,51,198/199,60,208,205,213,141,186,189,182,190,190,173,144,174,185
lphnh46,lphnh46,1.0,17,138,149,203,222,154,38,224,231/232,50,146/147,227,258,195,54,66,267/268,261,330,283,337/340,154,227,33,227/259,33,33,33,201,33,226
lphnh47,lphnh47,1.0,4,121,127,161,161,127,42,161/166,260,27,123,221,266,150,22,31,230,234/236,248,244,256,150,208,1,262,1/222,228,173,158,173,207
lphnh48,lphnh48,1.0,2,42,72,103,99,72,36,114/115,171,25,56,154,174,87,26,24,181,184/185,212,211,215,97,152,11,140,11,11,127,11,131,145
lphnh49,lphnh49,1.0,4,75,1/83,159,163,1,17,159,285,18,77,276,304/302,100,18,46,309,316,340,318,346/347,107,184,1,305/159,282,282,174,155/156/157,176,182
lphnh50,lphnh50,1.0,1,154,217,246,250,240,151,252,385/383,10,138,281,395,233,119/122,133,350,380,399,382,403,233,332,1,391/396/397,336/337/338,336,1,245,264,275
lphnh51,lphnh51,1.0,13,256/257,265/270,291/292,349,276,14,351,454,27,258,358,457,272/273,112/110,17,372,369,404,389,452,265,362,368,458,1,1,352/354,280/282,355,352
lphnh52,lphnh52,1.0,7,71,78,119,121,77,16,123,116,20,73,144,205/206,81,22,20/26,214,238,258,240/241,273,84,149,169/173,183,169,169,131/132,99,140,1
lphnh53,lphnh53,1.0,31,120/121,158/159,185,205,160,74,209,185,52,143,256/254,307/308,179,47,59,317,316,311/313,319,73,184,246,36,220,258,258,223,194,225/228,230
lphnh54,lphnh54,1.0,42,246,273/46,332,326,46,224/223,358,453,164,269,414,510,322,163,213,431,438/439,219,446,223,324/325,411,416/417/418,521,425,429,378,327,361/379,390
lphnh55,lphnh55,1.0,15,50,55,122,127,55,43,132,179,21,37,177,183,69,31,36,184,184,262/264/265,44,266,73/77,162,178,151,178,178,137/141,83,146,151
lphnh56,lphnh56,1.0,44,115/117,53,156,165,137,94,166,325,65,123,174,339,136,73,79,342,342/344,350,345,353/354,132,174,1,340/174,1,1,171,53/138,173,174
lphnh57,lphnh57,1.0,15,57,61,1/86,87,61,51,93/94/95,1,25,52,132,171,76,30,32,174/47,177,160/162,180,166,80/83,132,138,170,139,140,107,1/84/85,112,115
lnpsh0,lnpsh0,1.0,1,25,28,5,41,28,15,43,49,17,0,47,64,33,18,16,77,78,21,83,15,32,45,0,0,0,0,44,5,44,45
lnpsh1,lnpsh1,1.0,0,35,42,0,0,43,0,48,0,0,0,27,65,46,0,0,32,32,32,58,64,45,53,27,66,27,55,27,0,50,27
lnpsh2,lnpsh2,1.0,1,4,17,3,3,17,4,3,3,5,4,35,62,0,7,5,10,10,0,0,4,0,32,1,51,1,1,0,22,31,32
lnpsh3,lnpsh3,1.0,1,15,5,5,24,5,13,24,5,8,18,25,3,20,10,8,7,7,7,13,53,5,3,3,3,3,3,3,5,3,3
lnpsnh0,lnpsnh0,1.0,9,21,22,31,31,11,19,34,50,11,19,43,53,25,16,11,11,11,48,19,19,25,45,1,41,1,1,36,11,36,41
lnpsnh1,lnpsnh1,1.0,3,16,18,34,36,18,11,41,34,7,10,50,57,26,7,7,62,62,7,64,11,21,6,6,55,52,52,6,32,6,6
lnpsnh2,lnpsnh2,1.0,4,13,1,42,45,1,13,48,84,6,30,70,107,34,9,12,112,112,20,127,108,34,63,1,89,83,83,52,40,49,66
lnpsnh3,lnpsnh3,1.0,3,29,4,37,4,4,6,4,4,6,6,4,52,35,6,6,6,6,62,6,6,4,4,1,4,41,1,4,4,4,4
lnpsnh4,lnpsnh4,1.0,14,70,17,84,79,17,45,79,98,17,45,88,15,74,17,17,46,46,45,92,45,74,88,1,100,1,1,15,77,15,15
lnpsnh5,lnpsnh5,1.0,12,27,42,53,55,42,27,57,53,1,41,1,1,49,25,1,28,68,28,27,27,46,65,1,1,1,1,1,50,62,1
lnpsnh6,lnpsnh6,1.0,3,9,1,32,27,23,9,27,39,13,20,35,129,23,14,16,9,132,9,9,9,23,35,1,42,1,1,1,29,34,35
lnpsnh7,lnpsnh7,1.0,9,29,11,49,51,11,29,51,49,11,38,59,68,43,18,24,29,29,75,29,29,43,59,1,73,1,1,54,11,54,52
lnpsnh8,lnpsnh8,1.0,3,6,19,26,29,22,16,30,26,8,6,45,87,23,8,8,50,55,70,61,84,23,42,48,89,4,4,33,24,32,37
lnpsnh9,lnpsnh9,1.0,7,26,28,31,31,28,23,31,31,14,10,39,54,28,14,14,10,10,10,23,23,28,37,10,44,10,10,35,31,10,37
lnpsnh10,lnpsnh10,1.0,1,10,1,22,24,12,1,22,38,1,1,33,25,16,7,1,1,37,1,1,1,16,25,35,25,1,1,28,20,25,25
lnpsnh11,lnpsnh11,1.0,2,18,24,47,47,24,18,47,63,6,18,53,105,39,5,16,18,18,58,109,60,27,53,1,52,1,1,49,45,49,50
lnpsnh12,lnpsnh12,1.0,1,8,1,1,1,1,1,16,28,1,11,1,31,1,3,1,51,54,5,64,46,1,1,1,1,1,1,1,1,23,1
lnpsnh13,lnpsnh13,1.0,4,58,1,69,69,60,6,69,69,6,20,1,1,66,14,18,82,82,6,83,80,68,1,1,1,1,1,1,1,1,1
lnpsnh14,lnpsnh14,1.0,39,63,74,46,46,73,61,46,98,50,69,88,109,78,57,50,92,95,58,97,61,80,46,46,114,89,91,46,46,46,46
lnpsnh15,lnpsnh15,1.0,3,17,25,49,54,6,7,52,65,9,21,61,73,45,8,7,75,77,10,7,84,6,58,63,72,6,6,6,47,6,57
lnpsnh16,lnpsnh16,1.0,5,53,55,1,1,65,48,1,1,12,48,73,73,60,47,12,50,82,78,84,79,60,73,1,73,1,1,1,1,69,1
lnpsnh17,lnpsnh17,1.0,1,1,1,1,1,1,1,1,1,5,1,33,50,13,7,1,42,1,53,45,1,1,30,38,30,1,1,19,1,19,28
lnpsnh18,lnpsnh18,1.0,25,54,57,73,1,59,1,1,73,28,54,76,89,58,48,1,91,92,83,1,1,58,76,1,86,1,1,1,1,75,1
lnpsnh19,lnpsnh19,1.0,18,37,43,20,49,20,22,49,20,30,41,55,108,45,24,22,35,35,67,22,92,45,55,62,95,20,58,20,20,52,54
lnpsnh20,lnpsnh20,1.0,6,40,41,52,54,49,8,54,52,10,8,67,1,44,26,30,8,70,69,8,8,44,64,1,1,1,1,1,52,60,62
lnpsnh21,lnpsnh21,1.0,14,29,1,1,45,36,19,45,60,19,32,1,61,42,25,19,48,49,54,50,55,36,1,1,65,1,1,1,1,1,1
lnpsnh22,lnpsnh22,1.0,2,16,1,22,25,1,8,25,22,5,20,1,41,1,3,6,3,3,49,53,8,1,1,1,41,1,1,1,22,35,1
lnpsnh23,lnpsnh23,1.0,3,31,34,37,44,1,28,44,37,14,33,54,58,1,21,14,61,63,60,64,29,1,54,1,51,1,1,45,1,45,49
lnpsnh24,lnpsnh24,1.0,10,39,1,55,63,51,23,60,55,24,40,73,83,49,28,24,77,77,23,82,86,1,73,1,83,1,1,1,1,65,71
lnpsnh25,lnpsnh25,1.0,9,26,1,31,31,29,18,31,31,14,18,51,51,1,14,14,19,78,18,18,58,1,51,1,51,1,55,1,1,39,50
lnpsnh26,lnpsnh26,1.0,17,47,73,20,20,76,33,20,20,22,59,92,98,80,27,32,33,117,121,118,37,79,88,1,110,1,1,20,20,20,87
lnpsnh27,lnpsnh27,1.0,12,26,15,50,50,36,26,50,50,25,32,57,59,40,24,21,26,26,67,26,71,43,56,1,54,58,58,53,49,53,15
lnpsnh28,lnpsnh28,1.0,12,15,25,36,36,25,22,36,36,15,15,45,43,28,19,15,21,21,63,22,65,35,43,1,43,1,1,42,36,41,43
lnpmh0,lnpmh0,1.0,20,287,0,311,0,310,29,313,638,21,21,325,325,303,21,24,347,355,639,634,27,303,325,1,325,1,1,315,1,316,323
lnpmh1,lnpmh1,1.0,0,42,5,77,77,73,15,83,77,15,59,95,118,69,18,20,15,15,15,115,124,65,95,1,0,100,100,0,75,0,89
lnpmh2,lnpmh2,1.0,0,75,0,0,93,0,28,101,124,0,0,0,0,86,20,24,134,133,173,165,187,88,0,1,127,1,1,102,91,1,105
lnpmh3,lnpmh3,1.0,1,45,0,68,70,61,38,70,81,34,48,76,91,56,33,28,22,98,22,100,38,0,73,80,73,77,77,0,64,72,73
lnpmh4,lnpmh4,1.0,3,50,54,81,80,52,40,90,80,6,0,107,129,68,0,35,115,120,0,122,39,52,104,1,126,1,1,92,73,95,97
lnpmsh0,lnpmsh0,1.0,3,53,62,120,123,115,4,127,120,4,55,157,190,77,21,4,167,170,202,174,223,79,162,164,175,4,4,4,4,135,4
lnpmsh1,lnpmsh1,1.0,1,37,39,52,52,11,34,52,52,21,26,72,90,47,19,19,84,26,82,88,83,48,77,7,72,80,80,60,51,68,74
lnpmsh2,lnpmsh2,1.0,3,22,25,36,39,28,17,36,102,12,19,108,152,30,11,9,132,139,131,140,17,33,102,6,152,6,6,48,8,50,52
lnpmsh3,lnpmsh3,1.0,6,57,93,101,108,94,34,101,101,14,34,127,152,99,25,14,31,144,28,147,138,96,122,134,150,134,134,113,106,113,121
lnpmsh4,lnpmsh4,1.0,36,68,70,83,86,1,63,85,120,46,1,102,123,76,55,59,1,1,1,118,1,77,93,1,121,1,1,90,79,89,95
lnpmsh5,lnpmsh5,1.0,6,28,35,42,44,33,21,47,42,14,32,66,90,37,15,20,21,95,80,21,83,37,66,1,93,72,71,49,1,49,52
lnpmsh6,lnpmsh6,1.0,43,51,51,107,112,98,68,104,126,51,51,152,157,90,60,62,51,51,51,174,224,97,126,45,157,154,154,45,104,115,45
lnpmsh7,lnpmsh7,1.0,1,90,1,117,118,1,97,115,146,71,106,139,173,114,72,88,176,177,188,186,191,114,127,145,147,143,143,1,1,1,124
lnpmsh8,lnpmsh8,1.0,7,55,36,67,65,59,52,65,66,39,39,89,109,60,39,47,94,94,49,102,53,61,87,36,108,36,36,71,62,72,80
lnpmsh9,lnpmsh9,1.0,5,54,59,72,76,68,42,75,72,20,57,98,117,65,24,39,100,103,17,17,107,65,96,9,109,99,99,86,12,86,91
lnpmsh10,lnpmsh10,1.0,3,35,1,1,55,1,30,55,1,24,30,66,89,53,26,24,81,82,30,32,32,46,66,1,65,68,70,59,1,1,63
lnpmsh11,lnpmsh11,1.0,11,55,69,96,97,78,45,97,122,41,63,119,134,90,40,40,146,146,139,148,142,91,116,32,127,32,32,100,37,100,108
lnpmsh12,lnpmsh12,1.0,15,36,43,71,68,65,31,73,186,18,18,139,195,56,25,26,143,144,200,183,210,56,133,1,187,1,1,1,66,1,80
lnpmsh13,lnpmsh13,1.0,14,43,45,86,92,74,30,92,86,26,24,113,165,68,26,26,131,24,141,132,145,69,103,1,146,128,128,94,22,94,102
lnpmsh14,lnpmsh14,1.0,20,51,57,89,25,85,33,93,260,40,33,121,265,75,41,40,33,33,134,288,138,63,121,128,266,126,124,96,86,94,21
lnpmsh15,lnpmsh15,1.0,2,50,57,83,107,59,37,107,83,11,11,150,399,76,11,25,414,445,403,37,409,78,152,4,402,4,4,110,6,110,4
lnpmsh16,lnpmsh16,1.0,19,51,61,88,91,71,30,93,88,43,51,108,133,85,43,30,126,30,30,130,121,86,108,30,137,112,112,96,30,30,30
lnpmsh17,lnpmsh17,1.0,4,48,53,133,16,130,39,16,183,16,51,152,185,127,29,16,165,178,32,38,163,61,153,156,152,8,8,139,16,141,145
lnpmsh18,lnpmsh18,1.0,1,44,52,98,99,61,4,100,131,21,43,4,152,55,17,37,128,127,125,41,41,59,4,4,4,4,4,104,69,104,112
lnpmsh19,lnpmsh19,1.0,3,129,132,144,147,133,112,148,144,13,130,162,180,133,95,105,110,110,170,112,174,139,162,1,178,1,1,4,141,154,159
lnpmsh20,lnpmsh20,1.0,4,45,46,54,14,46,42,14,75,19,41,72,77,46,38,19,41,41,41,42,82,46,71,1,54,1,1,59,14,59,62
lnpmsh21,lnpmsh21,1.0,8,33,53,101,105,81,30,101,101,20,38,108,134,64,23,27,138,150,116,152,133,66,111,13,108,112,112,106,95,107,108
lnpmsh22,lnpmsh22,1.0,3,82,84,102,105,10,54,105,101,24,24,122,137,88,29,24,40,152,147,169,54,87,119,1,114,1,127,10,99,109,10
lnpmsh23,lnpmsh23,1.0,1,32,136,3,155,143,26,155,181,20,36,175,185,137,13,3,23,23,23,206,25,139,162,178,187,178,178,157,146,157,3
lnpmsh24,lnpmsh24,1.0,7,28,52,57,67,51,17,67,76,17,47,75,171,54,17,24,182,179,174,184,27,51,75,14,118,14,14,71,14,71,14
lnpmsh25,lnpmsh25,1.0,5,59,65,89,88,82,37,88,138,15,61,113,144,79,25,32,10,124,10,128,129,81,109,1,146,121,121,95,87,100,95
lnpmsh26,lnpmsh26,1.0,22,39,46,55,53,51,31,53,55,30,31,73,116,46,29,26,79,31,31,97,78,49,67,1,118,76,77,24,53,24,65
lnpmsh27,lnpmsh27,1.0,4,101,110,123,124,111,86,125,123,63,104,146,175,111,63,74,177,182,170,86,86,116,139,55,57,164,164,57,117,132,57
lnpmsh28,lnpmsh28,1.0,2,41,46,54,6,52,33,6,94,16,42,71,61,49,18,16,119,114,82,137,92,50,70,75,104,75,75,58,53,57,56
lnphh0,lnphh0,1.0,3,95,113,0,139,127,57,142,161,27,103,153,202,124,35,54,211,216,237,0,242,0,152,156,173,157,157,144,129,144,146
lnphh1,lnphh1,1.0,3,53,57,85,84,77,37,84,84,24,55,0,165,73,27,33,152,160,150,37,37,71,125,8,0,147,147,87,79,98,116
lnphh2,lnphh2,1.0,1,79,105,140,142,121,0,0,267,18,0,252,0,110,35,51,53,322,281,0,283,106,159,260,274,256,256,146,137,0,148
lnphh3,lnphh3,1.0,28,108,123,160,165,157,92,169,158,0,110,210,277,130,78,90,247,247,0,268,0,139,204,234,0,231,233,0,158,185,41
lnphnh0,lnphnh0,1.0,22,96,107,130,138,126,92,139,191,44,102,180,229,124,46,44,250,250,241,332,244,108,181,185,226,182,182,143,130,149,150
lnphnh1,lnphnh1,1.0,17,82,99,222,225,214,69,223,282,32,94,266,301,109,40,32,304,307,318,314,330,111,266,276,303,276,281,228,22,231,233
lnphnh2,lnphnh2,1.0,14,108,113,133,136,128,53,139,199,26,110,161,212,127,33,47,194,51,171,24,24,127,151,170,217,166,166,1,130,1,144
lnphnh3,lnphnh3,1.0,10,99,127,207,165,132,1,165,207,16,115,239,293,161,26,79,295,297,278,301,1,164,231,1,293,244,244,216,203,217,214
lnphnh4,lnphnh4,1.0,3,85,94,113,124,94,79,127,113,52,90,203,265,94,49,53,218,216,229,224,243,96,165,206,262,208,208,129,12,130,149
lnphnh5,lnphnh5,1.0,1,57,72,114,124,99,32,127,214,18,69,200,219,91,17,30,237,242,250,243,269,96,189,205,223,207,207,131,107,131,131
lnphnh6,lnphnh6,1.0,13,94,16,182,196,16,86,198,240,79,127,222,257,169,78,16,261,262,263,91,272,169,224,226,245,236,236,201,173,208,213
lnphnh7,lnphnh7,1.0,7,46,57,90,91,58,40,91,142,24,51,126,157,80,24,36,176,178,170,182,171,58,125,11,162,129,131,103,84,116,93
lnphnh8,lnphnh8,1.0,2,74,94,125,132,87,73,135,205,50,83,165,208,103,48,55,251,253,259,73,260,105,162,200,162,3,169,140,119,148,154
lnphnh9,lnphnh9,1.0,5,62,98,154,158,125,53,157,194,43,92,182,201,123,38,46,189,189,204,190,215,118,179,8,195,8,185,165,135,14,167
lnphnh10,lnphnh10,1.0,38,71,40,139,148,79,44,152,139,48,74,173,256,126,46,51,180,182,187,54,204,131,169,175,209,40,40,161,134,159,162
lnphnh11,lnphnh11,1.0,11,59,84,108,117,85,33,117,228,24,33,177,262,105,22,30,207,208,202,33,33,90,138,181,264,1,180,124,109,126,127
lnphnh12,lnphnh12,1.0,5,30,57,114,117,59,23,117,249,11,42,162,255,97,14,7,269,260,20,274,25,106,152,175,257,165,173,126,110,124,7
lnphnh13,lnphnh13,1.0,6,50,62,104,111,96,37,111,161,25,56,147,205,84,29,25,156,156,216,32,32,85,141,154,162,11,11,123,98,123,131
lnphnh14,lnphnh14,1.0,1,52,72,153,157,73,31,158,153,16,58,182,196,94,26,13,203,203,223,219,48,96,173,187,198,186,2,2,112,164,168
lnphnh15,lnphnh15,1.0,4,76,19,188,190,19,67,147,234,34,96,214,250,144,42,66,67,219,228,226,231,105,193,1,236,1,1,200,185,201,193
lnphnh16,lnphnh16,1.0,6,65,145,154,165,33,51,166,268,33,126,244,287,147,44,47,262,264,33,51,260,147,232,248,277,255,255,188,154,225,230
lnphnh17,lnphnh17,1.0,40,85,163,214,217,191,68,217,298,46,97,246,330,186,61,64,262,262,333,268,347,163,236,1,331,1,1,223,209,222,226
lnphnh18,lnphnh18,1.0,7,75,93,132,133,125,55,136,188,12,83,167,225,121,15,48,178,185,55,55,175,124,150,169,194,170,171,9,9,143,146
lnphnh19,lnphnh19,1.0,17,35,65,101,111,94,32,109,233,30,63,155,249,91,26,26,205,211,185,213,194,92,159,21,236,163,163,146,107,148,117
lnphnh20,lnphnh20,1.0,9,90,96,159,181,121,86,188,221,51,95,212,231,105,78,51,241,236,81,81,293,101,203,219,231,220,219,195,156,198,200
lnphnh21,lnphnh21,1.0,9,122,128,166,168,130,110,171,218,105,110,212,249,148,104,45,258,109,274,110,277,151,210,12,249,214,214,196,162,199,200
lnphnh22,lnphnh22,1.0,30,108,117,142,147,118,98,148,142,89,112,169,180,122,91,93,200,184,174,100,177,118,164,1,163,1,1,151,137,155,160
lnphnh23,lnphnh23,1.0,21,79,85,148,118,111,49,118,147,29,49,183,169,105,46,29,194,198,211,202,49,109,172,24,169,24,24,154,141,156,158
lnphnh24,lnphnh24,1.0,86,142,147,176,176,169,131,184,276,119,145,267,305,163,118,125,313,319,128,333,309,168,222,274,307,274,274,190,173,198,201
lnphnh25,lnphnh25,1.0,49,339,353,367,379,353,261,380,399,103,342,392,406,360,239,252,85,416,421,261,427,353,389,55,412,55,55,381,55,385,388
lnphnh26,lnphnh26,1.0,3,32,35,88,71,10,25,101,143,13,13,114,156,57,13,13,21,135,13,141,121,46,114,5,156,118,118,103,71,105,107
lnphnh27,lnphnh27,1.0,1,36,41,67,69,41,24,71,155,10,38,106,260,56,14,17,24,275,130,24,137,56,100,109,225,117,114,82,62,84,87
lnphnh28,lnphnh28,1.0,4,160,168,218,222,174,148,222,265,14,151,263,273,208,18,9,294,294,279,30,293,210,256,264,275,264,264,231,219,226,234